timestamp_utc,window,model,actual_price_eur_mwh,predicted_price_eur_mwh,error,absolute_error,squared_error,symmetric_absolute_percentage_error,smape_pct,hour,day_of_week,is_peak_hour,is_evening_peak
2026-04-26 12:00:00+00:00,test_2026_q2,hist_gradient_boosting,-412.25,-84.49147686286955,327.75852313713045,327.75852313713045,107425.64948903288,1.3196342097586164,131.96342097586165,12,6,True,False
2026-04-26 11:00:00+00:00,test_2026_q2,hist_gradient_boosting,-412.55,-85.35164830395597,327.198351696044,327.198351696044,107058.76135260811,1.3143091725468559,131.4309172546856,11,6,True,False
2026-04-26 10:00:00+00:00,test_2026_q2,hist_gradient_boosting,-259.3425,-65.9036245090229,193.43887549097707,193.43887549097707,37418.59855121373,1.1894922700953552,118.94922700953552,10,6,True,False
2026-04-26 13:00:00+00:00,test_2026_q2,hist_gradient_boosting,-234.5725,-65.49640961160048,169.0760903883995,169.0760903883995,28586.72434102624,1.1269150849866196,112.69150849866196,13,6,True,False
2026-04-25 12:00:00+00:00,test_2026_q2,hist_gradient_boosting,-188.9825,-85.3789797965373,103.6035202034627,103.6035202034627,10733.689398549302,0.7552337177966355,75.52337177966355,12,5,True,False
2026-06-24 17:00:00+00:00,test_2026_q2,hist_gradient_boosting,313.355,215.91568531753984,-97.43931468246018,97.43931468246018,9494.4200457875,0.36820219742191374,36.82021974219138,17,2,True,True
2026-03-04 06:00:00+00:00,wf_2026_03,hist_gradient_boosting,199.1725,103.32825129867797,-95.84424870132204,95.84424870132204,9186.120009120872,0.6336794093227821,63.36794093227821,6,2,False,False
2026-04-25 11:00:00+00:00,test_2026_q2,hist_gradient_boosting,-174.855,-81.02912035889898,93.82587964110101,93.82587964110101,8803.295690426374,0.7333466376069162,73.33466376069163,11,5,True,False
2026-04-26 09:00:00+00:00,test_2026_q2,hist_gradient_boosting,-126.825,-49.55961899214352,77.26538100785649,77.26538100785649,5969.9391022892305,0.8761011186729158,87.61011186729158,9,6,True,False
2026-06-24 18:00:00+00:00,test_2026_q2,hist_gradient_boosting,311.29,235.08673575818958,-76.20326424181044,76.20326424181044,5806.937481107187,0.2789403693627826,27.894036936278262,18,2,True,True
2026-04-25 13:00:00+00:00,test_2026_q2,hist_gradient_boosting,-132.905,-62.43902089327521,70.46597910672479,70.46597910672479,4965.454211469374,0.7214551925827651,72.14551925827651,13,5,True,False
2026-03-10 23:00:00+00:00,wf_2026_03,hist_gradient_boosting,14.935,84.5826691578197,69.64766915781969,69.64766915781969,4850.797819117109,1.3997045900938299,139.97045900938298,23,1,False,False
2026-03-16 17:00:00+00:00,wf_2026_03,hist_gradient_boosting,165.99,97.86770923360537,-68.12229076639464,68.12229076639464,4640.646499261216,0.5163562661425432,51.63562661425431,17,0,True,True
2026-06-30 17:00:00+00:00,test_2026_q2,hist_gradient_boosting,200.7,133.6129704418817,-67.08702955811827,67.08702955811827,4500.669534931835,0.4013426668396699,40.13426668396699,17,1,True,True
2026-03-04 08:00:00+00:00,wf_2026_03,hist_gradient_boosting,81.705,147.69781102807096,65.99281102807096,65.99281102807096,4355.051107386684,0.5753443973273346,57.53443973273345,8,2,True,False
2026-04-14 09:00:00+00:00,test_2026_q2,hist_gradient_boosting,13.0075,77.23996953770903,64.23246953770902,64.23246953770902,4125.810142912717,1.4234741398676027,142.34741398676027,9,1,True,False
2026-03-26 17:00:00+00:00,wf_2026_03,hist_gradient_boosting,130.46,70.71285889573767,-59.74714110426234,59.74714110426234,3569.7208701326344,0.5939880899662278,59.398808996622776,17,3,True,True
2026-03-30 17:00:00+00:00,wf_2026_03,hist_gradient_boosting,121.9275,62.85105358393793,-59.07644641606206,59.07644641606206,3490.026521149852,0.6394296878098016,63.94296878098016,17,0,True,True
2026-02-14 17:00:00+00:00,wf_2026_02,hist_gradient_boosting,98.1275,43.601097349875765,-54.52640265012423,54.52640265012423,2973.128585963475,0.7694481377744621,76.94481377744621,17,5,True,True
2026-03-04 18:00:00+00:00,wf_2026_03,hist_gradient_boosting,176.985,122.53199239199789,-54.453007608002125,54.453007608002125,2965.1300375571373,0.3636054647392815,36.36054647392815,18,2,True,True
2026-04-20 06:00:00+00:00,test_2026_q2,hist_gradient_boosting,33.45,86.86791943971834,53.41791943971833,53.41791943971833,2853.474117268238,0.8879461960191519,88.79461960191519,6,0,False,False
2026-03-28 17:00:00+00:00,wf_2026_03,hist_gradient_boosting,116.77,63.52832524688626,-53.241674753113735,53.241674753113735,2834.6759305163487,0.5905953333754909,59.059533337549084,17,5,True,True
2026-03-29 04:00:00+00:00,wf_2026_03,hist_gradient_boosting,107.4775,55.785383686961374,-51.69211631303863,51.69211631303863,2672.074888920715,0.6332378204485544,63.323782044855434,4,6,False,False
2026-03-14 17:00:00+00:00,wf_2026_03,hist_gradient_boosting,161.1,109.51908823513014,-51.58091176486985,51.58091176486985,2660.590458495289,0.38120675153596895,38.12067515359689,17,5,True,True
2026-06-24 19:00:00+00:00,test_2026_q2,hist_gradient_boosting,271.34,220.47675550631945,-50.863244493680526,50.863244493680526,2587.0696404239225,0.20683819298233316,20.683819298233317,19,2,True,True
2026-04-26 12:00:00+00:00,test_2026_q2,lightgbm,-412.25,-88.07340284856417,324.17659715143583,324.17659715143583,105090.46614068431,1.2958682136624189,129.58682136624188,12,6,True,False
2026-04-26 11:00:00+00:00,test_2026_q2,lightgbm,-412.55,-89.45860076273735,323.09139923726264,323.09139923726264,104388.05226109223,1.2871946765309075,128.71946765309076,11,6,True,False
2026-04-26 10:00:00+00:00,test_2026_q2,lightgbm,-259.3425,-71.70569958806428,187.6368004119357,187.6368004119357,35207.56886882859,1.1335920306796368,113.35920306796368,10,6,True,False
2026-04-26 13:00:00+00:00,test_2026_q2,lightgbm,-234.5725,-66.84752920635972,167.72497079364027,167.72497079364027,28131.66582772748,1.1128986433666064,111.28986433666064,13,6,True,False
2026-04-25 12:00:00+00:00,test_2026_q2,lightgbm,-188.9825,-83.61860605136863,105.36389394863136,105.36389394863136,11101.550148018436,0.7730261661431169,77.30261661431169,12,5,True,False
2026-03-04 06:00:00+00:00,wf_2026_03,lightgbm,199.1725,98.5652275072183,-100.60727249278172,100.60727249278172,10121.823278436832,0.6758113816149994,67.58113816149994,6,2,False,False
2026-04-26 09:00:00+00:00,test_2026_q2,lightgbm,-126.825,-30.13975043705993,96.68524956294007,96.68524956294007,9348.037483048003,1.2319358237276226,123.19358237276225,9,6,True,False
2026-06-24 17:00:00+00:00,test_2026_q2,lightgbm,313.355,220.37168385878337,-92.98331614121665,92.98331614121665,8645.89708061744,0.3484304568359139,34.84304568359139,17,2,True,True
2026-04-25 11:00:00+00:00,test_2026_q2,lightgbm,-174.855,-82.5248979371541,92.3301020628459,92.3301020628459,8524.84774693554,0.7174616417432155,71.74616417432155,11,5,True,False
2026-06-24 18:00:00+00:00,test_2026_q2,lightgbm,311.29,230.81532899205837,-80.47467100794165,80.47467100794165,6476.172673836445,0.29689680843967714,29.689680843967714,18,2,True,True
2026-04-25 13:00:00+00:00,test_2026_q2,lightgbm,-132.905,-58.08199168256155,74.82300831743845,74.82300831743845,5598.482573671464,0.7835403621813298,78.35403621813299,13,5,True,False
2026-03-16 17:00:00+00:00,wf_2026_03,lightgbm,165.99,96.25011583386456,-69.73988416613545,69.73988416613545,4863.651443505991,0.5318780762766087,53.18780762766087,17,0,True,True
2026-03-10 23:00:00+00:00,wf_2026_03,lightgbm,14.935,84.05414465672757,69.11914465672757,69.11914465672757,4777.456158077632,1.3964994827749537,139.64994827749538,23,1,False,False
2026-06-30 17:00:00+00:00,test_2026_q2,lightgbm,200.7,135.03267933765125,-65.66732066234874,65.66732066234874,4312.197002971734,0.39118813689450926,39.118813689450924,17,1,True,True
2026-03-04 18:00:00+00:00,wf_2026_03,lightgbm,176.985,112.97498106940697,-64.01001893059305,64.01001893059305,4097.2825234948805,0.4415093330777335,44.15093330777335,18,2,True,True
2026-03-04 08:00:00+00:00,wf_2026_03,lightgbm,81.705,144.27262714049007,62.567627140490075,62.567627140490075,3914.70796599139,0.553750633920869,55.3750633920869,8,2,True,False
2026-03-26 17:00:00+00:00,wf_2026_03,lightgbm,130.46,69.35312838660562,-61.10687161339439,61.10687161339439,3734.049758375865,0.6116402070955279,61.164020709552794,17,3,True,True
2026-04-14 09:00:00+00:00,test_2026_q2,lightgbm,13.0075,70.7425014578018,57.73500145780179,57.73500145780179,3333.330393332375,1.3787462794706242,137.87462794706244,9,1,True,False
2026-03-30 17:00:00+00:00,wf_2026_03,lightgbm,121.9275,66.47366208192703,-55.45383791807296,55.45383791807296,3075.128139843907,0.5886783001259688,58.867830012596876,17,0,True,True
2026-04-20 06:00:00+00:00,test_2026_q2,lightgbm,33.45,87.3652951400446,53.91529514004459,53.91529514004459,2906.859050038116,0.8925243294327591,89.2524329432759,6,0,False,False
2026-06-01 05:00:00+00:00,test_2026_q2,lightgbm,122.58,68.92814875944144,-53.65185124055856,53.65185124055856,2878.521141539025,0.5603088076210491,56.03088076210491,5,0,False,False
2026-06-23 18:00:00+00:00,test_2026_q2,lightgbm,268.665,215.06587367437317,-53.599126325626855,53.599126325626855,2872.866342870506,0.22160721691585675,22.160721691585675,18,1,True,True
2026-03-14 17:00:00+00:00,wf_2026_03,lightgbm,161.1,107.99132495042696,-53.10867504957304,53.10867504957304,2820.5313655211417,0.3947260288629291,39.47260288629291,17,5,True,True
2026-03-29 04:00:00+00:00,wf_2026_03,lightgbm,107.4775,55.70973282983451,-51.7677671701655,51.7677671701655,2679.901717784465,0.6344585452239021,63.44585452239021,4,6,False,False
2026-01-05 16:00:00+00:00,wf_2026_01,lightgbm,209.0,158.2505076887956,-50.74949231120439,50.74949231120439,2575.5109698449937,0.2763753418917477,27.63753418917477,16,0,True,False
2026-04-27 12:00:00+00:00,test_2026_q2,naive_lag_24h,-0.1625,-412.25,-412.0875,412.0875,169816.10765624998,1.9984239081017183,199.84239081017182,12,0,True,False
2026-04-27 11:00:00+00:00,test_2026_q2,naive_lag_24h,-0.83,-412.55,-411.72,411.72,169513.35840000003,1.9919686487009534,199.19686487009534,11,0,True,False
2026-04-27 10:00:00+00:00,test_2026_q2,naive_lag_24h,-0.0975,-259.3425,-259.24499999999995,259.24499999999995,67207.97002499997,1.998496762257169,199.8496762257169,10,0,True,False
2026-04-26 11:00:00+00:00,test_2026_q2,naive_lag_24h,-412.55,-174.855,237.69500000000002,237.69500000000002,56498.91302500001,0.809305334479618,80.9305334479618,11,6,True,False
2026-04-27 13:00:00+00:00,test_2026_q2,naive_lag_24h,-0.0075,-234.5725,-234.565,234.565,55020.739225,1.9998721118594938,199.98721118594938,13,0,True,False
2026-04-26 12:00:00+00:00,test_2026_q2,naive_lag_24h,-412.25,-188.9825,223.2675,223.2675,49848.376556250005,0.7426993717072847,74.26993717072847,12,6,True,False
2026-04-26 10:00:00+00:00,test_2026_q2,naive_lag_24h,-259.3425,-99.8,159.54249999999996,159.54249999999996,25453.809306249987,0.8884634929032346,88.84634929032346,10,6,True,False
2026-04-25 12:00:00+00:00,test_2026_q2,naive_lag_24h,-188.9825,-29.8125,159.17,159.17,25335.088899999995,1.4549692634658014,145.49692634658012,12,5,True,False
2026-04-13 06:00:00+00:00,test_2026_q2,naive_lag_24h,164.37,12.2275,-152.1425,152.1425,23147.340306250004,1.7230425119268395,172.30425119268395,6,0,False,False
2026-04-25 11:00:00+00:00,test_2026_q2,naive_lag_24h,-174.855,-26.035,148.82,148.82,22147.392399999997,1.4816068495196377,148.16068495196376,11,5,True,False
2026-04-13 07:00:00+00:00,test_2026_q2,naive_lag_24h,158.5725,14.73,-143.8425,143.8425,20690.66480625,1.6600164452330464,166.00164452330463,7,0,False,False
2026-06-27 18:00:00+00:00,test_2026_q2,naive_lag_24h,117.965,246.725,128.76,128.76,16579.1376,0.7061339768022156,70.61339768022155,18,5,True,True
2026-06-25 18:00:00+00:00,test_2026_q2,naive_lag_24h,182.9,311.29,128.39000000000001,128.39000000000001,16483.992100000003,0.5195977255711366,51.95977255711366,18,3,True,True
2026-03-23 06:00:00+00:00,wf_2026_03,naive_lag_24h,176.8,49.015,-127.78500000000001,127.78500000000001,16329.006225000003,1.13176715452915,113.176715452915,6,0,False,False
2026-04-27 09:00:00+00:00,test_2026_q2,naive_lag_24h,-0.0075,-126.825,-126.81750000000001,126.81750000000001,16082.678306250002,1.99976346756549,199.976346756549,9,0,True,False
2026-04-13 05:00:00+00:00,test_2026_q2,naive_lag_24h,135.9775,10.5175,-125.46,125.46,15740.211599999999,1.712822963241066,171.2822963241066,5,0,False,False
2026-03-10 23:00:00+00:00,wf_2026_03,naive_lag_24h,14.935,140.0275,125.0925,125.0925,15648.13355625,1.6144873759780591,161.44873759780592,23,1,False,False
2026-03-26 06:00:00+00:00,wf_2026_03,naive_lag_24h,137.865,13.1025,-124.76250000000002,124.76250000000002,15565.681406250003,1.6528391872422874,165.28391872422873,6,3,False,False
2026-04-13 11:00:00+00:00,test_2026_q2,naive_lag_24h,121.135,1.2575,-119.87750000000001,119.87750000000001,14370.615006250004,1.9589027105419043,195.89027105419044,11,0,True,False
2026-06-25 17:00:00+00:00,test_2026_q2,naive_lag_24h,195.005,313.355,118.35000000000002,118.35000000000002,14006.722500000005,0.4656149185616493,46.561491856164935,17,3,True,True
2026-04-25 13:00:00+00:00,test_2026_q2,naive_lag_24h,-132.905,-16.485,116.42,116.42,13553.6164,1.5586049936408062,155.86049936408062,13,5,True,False
2026-04-13 08:00:00+00:00,test_2026_q2,naive_lag_24h,131.4925,15.15,-116.3425,116.3425,13535.577306250001,1.586750089503384,158.6750089503384,8,0,True,False
2026-03-11 04:00:00+00:00,wf_2026_03,naive_lag_24h,2.105,118.395,116.28999999999999,116.28999999999999,13523.364099999999,1.9301244813278007,193.01244813278007,4,2,False,False
2026-03-16 00:00:00+00:00,wf_2026_03,naive_lag_24h,19.03,135.185,116.155,116.155,13491.984025,1.506403397853646,150.6403397853646,0,0,False,False
2026-03-15 23:00:00+00:00,wf_2026_03,naive_lag_24h,22.5125,138.575,116.06249999999999,116.06249999999999,13470.503906249996,1.4409870412043144,144.09870412043145,23,6,False,False
2026-04-26 11:00:00+00:00,test_2026_q2,random_forest,-412.55,-84.8160317579765,327.7339682420235,327.7339682420235,107409.55393966366,1.317878372528272,131.7878372528272,11,6,True,False
2026-04-26 12:00:00+00:00,test_2026_q2,random_forest,-412.25,-85.4689245249318,326.7810754750682,326.7810754750682,106785.8712886422,1.313114930427762,131.3114930427762,12,6,True,False
2026-04-26 10:00:00+00:00,test_2026_q2,random_forest,-259.3425,-83.28325945720533,176.05924054279464,176.05924054279464,30996.856180505623,1.0277058025159072,102.77058025159072,10,6,True,False
2026-04-26 13:00:00+00:00,test_2026_q2,random_forest,-234.5725,-75.3557564177878,159.2167435822122,159.2167435822122,25349.971436923905,1.0274425792760613,102.74425792760613,13,6,True,False
2026-06-24 17:00:00+00:00,test_2026_q2,random_forest,313.355,202.31011585371448,-111.04488414628554,111.04488414628554,12330.966295061977,0.43068604306282804,43.0686043062828,17,2,True,True
2026-04-25 12:00:00+00:00,test_2026_q2,random_forest,-188.9825,-86.11759704005553,102.86490295994446,102.86490295994446,10581.18826095879,0.7478361808426914,74.78361808426914,12,5,True,False
2026-03-04 06:00:00+00:00,wf_2026_03,random_forest,199.1725,99.4932081326354,-99.67929186736461,99.67929186736461,9935.961227179261,0.6674974002914169,66.74974002914169,6,2,False,False
2026-03-04 08:00:00+00:00,wf_2026_03,random_forest,81.705,172.9129915461825,91.2079915461825,91.2079915461825,8318.897721888497,0.7164300605178502,71.64300605178502,8,2,True,False
2026-04-25 11:00:00+00:00,test_2026_q2,random_forest,-174.855,-85.26985144842493,89.58514855157506,89.58514855157506,8025.498841007771,0.6887857738524237,68.87857738524237,11,5,True,False
2026-04-26 09:00:00+00:00,test_2026_q2,random_forest,-126.825,-40.19647899927686,86.62852100072314,86.62852100072314,7504.50065077273,1.0373338988466052,103.73338988466053,9,6,True,False
2026-03-10 23:00:00+00:00,wf_2026_03,random_forest,14.935,87.52989358390347,72.59489358390347,72.59489358390347,5270.0185744582695,1.416971043344891,141.6971043344891,23,1,False,False
2026-06-30 17:00:00+00:00,test_2026_q2,random_forest,200.7,129.42099215876976,-71.27900784123023,71.27900784123023,5080.69695883016,0.431835657436465,43.183565743646504,17,1,True,True
2026-03-23 18:00:00+00:00,wf_2026_03,random_forest,214.65,144.01225795651857,-70.63774204348144,70.63774204348144,4989.690601001425,0.3938955966314415,39.389559663144155,18,0,True,True
2026-06-23 17:00:00+00:00,test_2026_q2,random_forest,238.715,168.76954871718192,-69.94545128281808,69.94545128281808,4892.366155157078,0.3433035755736805,34.33035755736805,17,1,True,True
2026-03-16 17:00:00+00:00,wf_2026_03,random_forest,165.99,97.62897073864872,-68.36102926135129,68.36102926135129,4673.230321671327,0.5186351275843821,51.86351275843821,17,0,True,True
2026-04-14 09:00:00+00:00,test_2026_q2,random_forest,13.0075,80.83558687848172,67.82808687848171,67.82808687848171,4600.649369594863,1.4455638477944128,144.5563847794413,9,1,True,False
2026-03-17 08:00:00+00:00,wf_2026_03,random_forest,64.7125,129.94233691547217,65.22983691547216,65.22983691547216,4254.931624019095,0.6702102855404294,67.02102855404294,8,1,True,False
2026-01-05 16:00:00+00:00,wf_2026_01,random_forest,209.0,144.42122749435802,-64.57877250564198,64.57877250564198,4170.417858335461,0.3654493136333918,36.54493136333918,16,0,True,False
2026-03-30 17:00:00+00:00,wf_2026_03,random_forest,121.9275,58.61313118126005,-63.31436881873994,63.31436881873994,4008.709298915429,0.7013863683147676,70.13863683147676,17,0,True,True
2026-03-26 17:00:00+00:00,wf_2026_03,random_forest,130.46,68.2985494482519,-62.1614505517481,62.1614505517481,3864.0459346974244,0.6254971242676758,62.54971242676758,17,3,True,True
2026-03-04 18:00:00+00:00,wf_2026_03,random_forest,176.985,116.70734609457877,-60.277653905421246,60.277653905421246,3633.3955603417453,0.41048161252394244,41.048161252394245,18,2,True,True
2026-06-25 17:00:00+00:00,test_2026_q2,random_forest,195.005,135.2874498789405,-59.7175501210595,59.7175501210595,3566.1857924612536,0.36160408839467756,36.160408839467756,17,3,True,True
2026-03-28 17:00:00+00:00,wf_2026_03,random_forest,116.77,59.69368635449483,-57.07631364550517,57.07631364550517,3257.7055793600794,0.6468901882832205,64.68901882832205,17,5,True,True
2026-04-25 13:00:00+00:00,test_2026_q2,random_forest,-132.905,-76.22324418654681,56.681755813453194,56.681755813453194,3212.821442095935,0.5420765237515395,54.20765237515395,13,5,True,False
2026-04-20 06:00:00+00:00,test_2026_q2,random_forest,33.45,89.70086823132596,56.25086823132595,56.25086823132595,3164.1601767779953,0.9135277572816557,91.35277572816557,6,0,False,False
2026-04-26 11:00:00+00:00,test_2026_q2,ridge,-412.55,-231.29739171027833,181.25260828972168,181.25260828972168,32852.50801182728,0.5630297198479065,56.30297198479065,11,6,True,False
2026-04-26 14:00:00+00:00,test_2026_q2,ridge,-37.0825,-184.00470351408234,-146.92220351408233,146.92220351408233,21586.133885433424,1.3290882618154243,132.90882618154242,14,6,True,False
2026-04-26 10:00:00+00:00,test_2026_q2,ridge,-259.3425,-117.3085834054661,142.03391659453388,142.03391659453388,20173.633463183007,0.7541935911100721,75.41935911100721,10,6,True,False
2026-06-24 17:00:00+00:00,test_2026_q2,ridge,313.355,191.10460915171495,-122.25039084828506,122.25039084828506,14945.158062558461,0.48467860907182586,48.46786090718258,17,2,True,True
2026-03-04 06:00:00+00:00,wf_2026_03,ridge,199.1725,78.41831159363872,-120.7541884063613,120.7541884063613,14581.574017679,0.870015745212285,87.00157452122849,6,2,False,False
2026-04-26 13:00:00+00:00,test_2026_q2,ridge,-234.5725,-341.0365148750776,-106.46401487507762,106.46401487507762,11334.58646332075,0.36991781616965513,36.99178161696551,13,6,True,False
2026-04-26 09:00:00+00:00,test_2026_q2,ridge,-126.825,-29.898943108315223,96.92605689168478,96.92605689168478,9394.660504570114,1.2369017135396747,123.69017135396747,9,6,True,False
2026-04-25 11:00:00+00:00,test_2026_q2,ridge,-174.855,-89.71915006410575,85.13584993589424,85.13584993589424,7248.112944307104,0.6435689194523804,64.35689194523803,11,5,True,False
2026-03-04 08:00:00+00:00,wf_2026_03,ridge,81.705,159.20165416016349,77.49665416016349,77.49665416016349,6005.731406019985,0.6433749572449825,64.33749572449825,8,2,True,False
2026-05-28 16:00:00+00:00,test_2026_q2,ridge,117.56,41.72722540765554,-75.83277459234446,75.83277459234446,5750.609702373324,0.9521513655381915,95.21513655381915,16,3,True,False
2026-06-23 17:00:00+00:00,test_2026_q2,ridge,238.715,166.75492965237262,-71.96007034762738,71.96007034762738,5178.251724435481,0.35494652049448866,35.49465204944887,17,1,True,True
2026-06-24 16:00:00+00:00,test_2026_q2,ridge,195.39,125.91430645209351,-69.47569354790647,69.47569354790647,4826.8719939626135,0.4324603944159417,43.24603944159417,16,2,True,False
2026-03-04 18:00:00+00:00,wf_2026_03,ridge,176.985,107.99721028898585,-68.98778971101416,68.98778971101416,4759.315129211111,0.48415506105491407,48.41550610549141,18,2,True,True
2026-03-10 23:00:00+00:00,wf_2026_03,ridge,14.935,83.86700568267565,68.93200568267565,68.93200568267565,4751.621407436428,1.3953564040808226,139.53564040808226,23,1,False,False
2026-06-21 16:00:00+00:00,test_2026_q2,ridge,93.3825,25.647182939193506,-67.7353170608065,67.7353170608065,4588.073177327983,1.1381248002720328,113.81248002720328,16,6,True,False
2026-03-17 08:00:00+00:00,wf_2026_03,ridge,64.7125,132.44152104977076,67.72902104977075,67.72902104977075,4587.220292360289,0.687067103061244,68.70671030612439,8,1,True,False
2026-06-30 17:00:00+00:00,test_2026_q2,ridge,200.7,133.12005749697792,-67.57994250302207,67.57994250302207,4567.048628711768,0.4048884480444011,40.48884480444011,17,1,True,True
2026-06-01 17:00:00+00:00,test_2026_q2,ridge,113.195,48.405754283247106,-64.78924571675289,64.78924571675289,4197.646360545782,0.8018433577753353,80.18433577753353,17,0,True,True
2026-05-29 15:00:00+00:00,test_2026_q2,ridge,62.535,-2.196257104852478,-64.73125710485247,64.73125710485247,4190.135646374514,2.0,200.0,15,4,True,False
2026-05-26 16:00:00+00:00,test_2026_q2,ridge,79.045,14.325626110679828,-64.71937388932017,64.71937388932017,4188.597356625617,1.3862898126569914,138.62898126569914,16,1,True,False
2026-04-14 09:00:00+00:00,test_2026_q2,ridge,13.0075,76.71101038896005,63.70351038896005,63.70351038896005,4058.1372358763406,1.4200750795523422,142.00750795523422,9,1,True,False
2026-03-16 17:00:00+00:00,wf_2026_03,ridge,165.99,102.5944371299359,-63.39556287006411,63.39556287006411,4018.9973916122512,0.47207175179248806,47.20717517924881,17,0,True,True
2026-06-20 16:00:00+00:00,test_2026_q2,ridge,109.9,48.835875477763096,-61.06412452223691,61.06412452223691,3728.827303667255,0.7693802593578315,76.93802593578314,16,5,True,False
2026-03-28 17:00:00+00:00,wf_2026_03,ridge,116.77,57.629624023508356,-59.14037597649164,59.14037597649164,3497.5840706407894,0.6782167829504009,67.82167829504009,17,5,True,True
2026-06-29 17:00:00+00:00,test_2026_q2,ridge,196.895,137.8467247280256,-59.048275271974404,59.048275271974404,3486.6988125948637,0.3527990143442713,35.27990143442713,17,0,True,True
2026-04-26 12:00:00+00:00,test_2026_q2,xgboost,-412.25,-94.65116119384766,317.59883880615234,317.59883880615234,100869.02241101634,1.2530996696008638,125.30996696008638,12,6,True,False
2026-04-26 11:00:00+00:00,test_2026_q2,xgboost,-412.55,-96.56863403320312,315.9813659667969,315.9813659667969,99844.22363824282,1.241287766128747,124.12877661287469,11,6,True,False
2026-04-26 10:00:00+00:00,test_2026_q2,xgboost,-259.3425,-75.98312377929688,183.3593762207031,183.3593762207031,33620.66084804534,1.0936198322940318,109.36198322940318,10,6,True,False
2026-04-26 13:00:00+00:00,test_2026_q2,xgboost,-234.5725,-69.76954650878906,164.80295349121093,164.80295349121093,27160.013479426234,1.0830114036605956,108.30114036605956,13,6,True,False
2026-03-04 06:00:00+00:00,wf_2026_03,xgboost,199.1725,99.69004821777344,-99.48245178222658,99.48245178222658,9896.758212603036,0.6657405042918678,66.57405042918678,6,2,False,False
2026-04-25 12:00:00+00:00,test_2026_q2,xgboost,-188.9825,-94.42130279541016,94.56119720458983,94.56119720458983,8941.820016765329,0.6673248296026132,66.73248296026132,12,5,True,False
2026-04-25 11:00:00+00:00,test_2026_q2,xgboost,-174.855,-93.85477447509766,81.00022552490233,81.00022552490233,6561.03653508504,0.602882613281408,60.288261328140806,11,5,True,False
2026-06-24 17:00:00+00:00,test_2026_q2,xgboost,313.355,234.2544403076172,-79.10055969238283,79.10055969238283,6256.898543648219,0.2888940689114068,28.88940689114068,17,2,True,True
2026-04-26 09:00:00+00:00,test_2026_q2,xgboost,-126.825,-50.926631927490234,75.89836807250977,75.89836807250977,5760.56227607017,0.8539822363315438,85.39822363315437,9,6,True,False
2026-03-10 23:00:00+00:00,wf_2026_03,xgboost,14.935,85.94502258300781,71.01002258300781,71.01002258300781,5042.423307239279,1.4078113934714505,140.78113934714506,23,1,False,False
2026-03-16 17:00:00+00:00,wf_2026_03,xgboost,165.99,97.40641021728516,-68.58358978271485,68.58358978271485,4703.708787483709,0.5207632839501327,52.07632839501327,17,0,True,True
2026-06-30 17:00:00+00:00,test_2026_q2,xgboost,200.7,135.1628875732422,-65.5371124267578,65.5371124267578,4295.113105237492,0.390261114589304,39.0261114589304,17,1,True,True
2026-04-25 13:00:00+00:00,test_2026_q2,xgboost,-132.905,-67.93518829345703,64.96981170654297,64.96981170654297,4221.076433183648,0.6469801911519075,64.69801911519075,13,5,True,False
2026-04-14 09:00:00+00:00,test_2026_q2,xgboost,13.0075,73.85416412353516,60.846664123535156,60.846664123535156,3702.3165349623005,1.4010015750331166,140.10015750331166,9,1,True,False
2026-03-26 17:00:00+00:00,wf_2026_03,xgboost,130.46,70.54164123535156,-59.918358764648445,59.918358764648445,3590.2097170491234,0.596197706609673,59.6197706609673,17,3,True,True
2026-04-20 06:00:00+00:00,test_2026_q2,xgboost,33.45,92.71379852294922,59.263798522949216,59.263798522949216,3512.197815368718,0.9394739095806333,93.94739095806332,6,0,False,False
2026-03-04 18:00:00+00:00,wf_2026_03,xgboost,176.985,118.31669616699219,-58.668303833007826,58.668303833007826,3441.969874642121,0.39734484829935474,39.734484829935475,18,2,True,True
2026-03-04 08:00:00+00:00,wf_2026_03,xgboost,81.705,138.8162384033203,57.111238403320314,57.111238403320314,3261.693551960889,0.5179658777252759,51.796587772527594,8,2,True,False
2026-03-30 17:00:00+00:00,wf_2026_03,xgboost,121.9275,65.48625183105469,-56.44124816894531,56.44124816894531,3185.614494868472,0.6023170404253432,60.23170404253432,17,0,True,True
2026-06-01 05:00:00+00:00,test_2026_q2,xgboost,122.58,66.4415054321289,-56.13849456787109,56.13849456787109,3151.5305723468923,0.5939905561489509,59.39905561489509,5,0,False,False
2026-06-23 17:00:00+00:00,test_2026_q2,xgboost,238.715,184.49148559570312,-54.22351440429688,54.22351440429688,2940.189514352991,0.25625086689289345,25.625086689289343,17,1,True,True
2026-06-24 18:00:00+00:00,test_2026_q2,xgboost,311.29,257.1679992675781,-54.122000732421895,54.122000732421895,2929.1909632802763,0.19041688498413126,19.041688498413126,18,2,True,True
2026-03-14 17:00:00+00:00,wf_2026_03,xgboost,161.1,108.90809631347656,-52.19190368652343,52.19190368652343,2723.994810423338,0.38659510139969416,38.65951013996941,17,5,True,True
2026-04-22 22:00:00+00:00,test_2026_q2,xgboost,66.31,14.764547348022461,-51.54545265197754,51.54545265197754,2656.9336890972586,1.2715569642519828,127.15569642519829,22,2,False,False
2026-03-28 17:00:00+00:00,wf_2026_03,xgboost,116.77,65.61152648925781,-51.15847351074218,51.15847351074218,2617.1894119493095,0.5610049931647589,56.10049931647589,17,5,True,True
